Date,SPY,QQQ,ARK G,VUG,SCHA,USMV,VEU,
6-Aug-21,0.17%,-0.44%,-2.23%,-0.36%,0.40%,-0.05%,-0.50%,
5-Aug-21,0.63%,0.63%,4.34%,0.84%,1.72%,0.34%,0.36%,
4-Aug-21,-0.49%,0.14%,0.57%,0.07%,-1.11%,-0.39%,-0.14%,
3-Aug-21,0.81%,0.61%,0.39%,0.56%,0.37%,0.62%,0.65%,
2-Aug-21,-0.21%,0.01%,0.13%,-0.19%,-0.55%,-0.17%,0.56%,
30-Jul-21,-0.49%,-0.52%,-0.79%,-0.71%,-0.53%,-0.01%,-0.68%,
29-Jul-21,0.41%,0.18%,-0.30%,0.09%,0.86%,0.24%,0.59%,
28-Jul-21,-0.04%,0.38%,3.19%,0.25%,1.25%,-0.24%,1.08%,
27-Jul-21,-0.46%,-1.10%,-1.60%,-0.94%,-0.96%,0.16%,-0.87%,
26-Jul-21,0.25%,0.08%,-1.96%,0.09%,0.31%,-0.18%,-0.46%,
23-Jul-21,1.03%,1.17%,-0.57%,1.53%,0.56%,1.03%,0.06%,
22-Jul-21,0.21%,0.66%,-1.10%,0.72%,-1.27%,0.32%,0.13%,
21-Jul-21,0.81%,0.77%,1.47%,0.68%,1.57%,0.05%,1.28%,
20-Jul-21,1.43%,1.16%,2.78%,1.57%,3.16%,0.82%,0.60%,
19-Jul-21,-1.48%,-0.82%,0.78%,-1.23%,-1.55%,-0.93%,-1.73%,
16-Jul-21,-0.78%,-0.81%,0.61%,-0.66%,-1.20%,0.12%,-0.79%,
15-Jul-21,-0.34%,-0.70%,-0.96%,-0.54%,-0.57%,0.09%,-0.60%,
14-Jul-21,0.15%,0.18%,-3.70%,0.13%,-1.52%,0.36%,0.27%,
13-Jul-21,-0.34%,0.00%,-2.40%,-0.17%,-1.87%,-0.21%,-0.32%,
12-Jul-21,0.36%,0.39%,-1.66%,0.22%,0.15%,0.03%,0.22%,
9-Jul-21,1.07%,0.62%,1.48%,0.78%,2.10%,0.70%,1.83%,
8-Jul-21,-0.81%,-0.60%,-0.02%,-0.72%,-0.86%,-0.65%,-1.61%,
7-Jul-21,0.35%,0.21%,-2.18%,0.19%,-0.79%,0.60%,0.37%,
6-Jul-21,-0.18%,0.43%,-1.47%,0.63%,-1.20%,-0.01%,-1.01%,
5-Jul-21,0.00%,1.15%,0.00%,0.00%,0.00%,0.00%,0.00%,
4-Jul-21,0.00%,0.04%,0.00%,0.00%,0.00%,0.00%,0.00%,
3-Jul-21,0.00%,-0.16%,0.00%,0.00%,0.00%,0.00%,0.00%,
2-Jul-21,0.76%,0.36%,-0.89%,1.11%,-0.80%,0.62%,0.20%,
1-Jul-21,0.55%,1.22%,0.39%,0.18%,0.64%,0.61%,0.08%,
30-Jun-21,0.08%,-0.12%,-0.64%,-0.15%,0.08%,-0.08%,-0.75%,
29-Jun-21,0.05%,0.62%,0.10%,0.29%,-0.39%,-0.04%,-0.05%,
28-Jun-21,0.20%,0.05%,3.25%,0.81%,-0.72%,0.19%,-0.37%,
25-Jun-21,0.36%,0.93%,0.51%,0.17%,0.46%,0.66%,0.38%,
24-Jun-21,0.59%,0.50%,1.24%,0.39%,1.10%,0.65%,0.95%,
23-Jun-21,-0.12%,-0.78%,0.96%,0.07%,0.12%,-0.51%,-0.28%,
22-Jun-21,0.53%,1.27%,0.30%,1.04%,0.38%,0.30%,-0.09%,
21-Jun-21,1.43%,-0.37%,0.92%,0.85%,2.24%,1.28%,0.32%,
18-Jun-21,-1.67%,-0.65%,-0.62%,-0.71%,0.00%,-1.16%,-1.65%,
17-Jun-21,-0.03%,0.96%,2.52%,1.26%,0.00%,0.25%,-0.37%,
16-Jun-21,-0.56%,0.26%,-0.62%,-0.38%,-2.21%,-0.79%,-0.86%,
15-Jun-21,-0.18%,1.04%,-2.33%,-0.57%,-1.23%,-0.37%,-0.12%,
14-Jun-21,0.22%,0.02%,0.76%,0.87%,-0.30%,0.16%,0.23%,
11-Jun-21,0.17%,0.05%,-0.44%,0.37%,-0.20%,-0.12%,0.06%,
10-Jun-21,0.46%,0.30%,2.71%,0.95%,-0.49%,0.55%,0.42%,
9-Jun-21,-0.15%,1.70%,1.24%,0.02%,0.93%,0.21%,-0.29%,
8-Jun-21,0.02%,-1.04%,0.99%,0.11%,-0.50%,-0.12%,-0.25%,
7-Jun-21,-0.10%,0.20%,3.56%,0.19%,-0.75%,-0.07%,0.11%,
4-Jun-21,0.91%,-0.33%,1.40%,1.36%,1.14%,0.76%,0.98%,
3-Jun-21,-0.37%,0.32%,-2.33%,-0.93%,1.13%,-0.04%,-0.74%,
2-Jun-21,0.16%,-0.37%,-0.28%,0.11%,0.43%,0.33%,0.26%,
1-Jun-21,-0.09%,0.35%,-0.55%,-0.35%,-0.81%,-0.59%,0.89%,
28-May-21,0.18%,0.14%,0.52%,0.27%,0.00%,0.36%,0.45%,
27-May-21,0.05%,1.68%,0.62%,-0.18%,1.01%,-0.06%,0.09%,
26-May-21,0.20%,-0.55%,1.70%,0.23%,-0.03%,-0.07%,0.19%,
25-May-21,-0.22%,1.93%,0.56%,0.19%,1.09%,-0.41%,0.31%,
24-May-21,1.02%,0.11%,0.85%,1.64%,1.68%,0.33%,0.68%,
21-May-21,-0.08%,-0.68%,-0.51%,-0.47%,-0.85%,-0.15%,-0.27%,
20-May-21,1.08%,-0.61%,3.01%,1.75%,0.63%,1.18%,1.13%,
19-May-21,-0.26%,2.21%,-1.84%,0.03%,0.27%,-0.42%,-0.71%,
18-May-21,-0.86%,0.77%,1.98%,-0.63%,0.71%,-0.44%,0.54%,
17-May-21,-0.25%,-2.59%,-0.22%,-0.59%,-0.84%,-0.40%,-0.14%,
14-May-21,1.54%,-0.14%,3.97%,2.05%,-0.63%,0.83%,1.72%,
13-May-21,1.20%,-2.53%,-1.80%,0.75%,0.15%,1.28%,0.50%,
12-May-21,-2.12%,0.81%,-2.52%,-2.62%,2.32%,-1.65%,-1.95%,
11-May-21,-0.89%,0.75%,1.05%,-0.29%,1.64%,-0.97%,-1.01%,
10-May-21,-0.99%,-0.34%,-5.86%,-2.10%,-3.23%,0.15%,-0.85%,
7-May-21,0.73%,-1.80%,1.29%,0.84%,-0.27%,0.44%,1.11%,
6-May-21,0.80%,-0.53%,-2.74%,0.41%,-2.32%,0.78%,0.81%,
5-May-21,0.03%,-0.66%,-1.59%,-0.53%,1.18%,-0.08%,1.07%,
4-May-21,-0.62%,0.36%,-3.55%,-1.50%,-0.12%,-0.40%,-1.29%,
3-May-21,0.22%,-0.34%,-2.68%,-0.57%,-0.39%,0.61%,0.80%,
30-Apr-21,-0.66%,-0.43%,-0.86%,-0.78%,-0.90%,-0.19%,-1.41%,
29-Apr-21,0.64%,0.65%,-2.12%,0.26%,0.44%,0.50%,-0.05%,
28-Apr-21,-0.03%,1.26%,-0.63%,-0.22%,-1.29%,-0.26%,0.56%,
27-Apr-21,-0.02%,-1.21%,-0.19%,-0.21%,-0.24%,-0.24%,-0.29%,
26-Apr-21,0.21%,0.86%,3.08%,0.48%,0.09%,-0.47%,0.21%,
23-Apr-21,1.08%,-0.73%,1.25%,1.51%,0.26%,0.46%,1.08%,
22-Apr-21,-0.91%,-0.92%,0.40%,-0.89%,0.93%,-0.55%,-0.32%,
21-Apr-21,0.95%,0.12%,2.62%,0.80%,1.80%,0.43%,0.87%,
20-Apr-21,-0.73%,1.52%,-0.89%,-0.68%,-0.33%,0.29%,-1.48%,
19-Apr-21,-0.49%,-1.20%,-2.32%,-0.84%,2.26%,-0.30%,-0.27%,
16-Apr-21,0.33%,1.17%,-1.82%,0.03%,-2.05%,0.54%,0.53%,
15-Apr-21,1.07%,-0.13%,0.97%,1.58%,-1.09%,1.16%,0.80%,
14-Apr-21,-0.34%,0.61%,0.17%,-1.06%,0.25%,-0.11%,0.23%,
13-Apr-21,0.30%,1.04%,3.12%,1.05%,0.58%,0.31%,0.52%,
12-Apr-21,0.04%,0.24%,-1.28%,0.00%,0.67%,0.11%,-0.50%,
9-Apr-21,0.73%,-0.07%,-1.06%,0.74%,-0.17%,0.40%,-0.06%,
8-Apr-21,0.47%,2.00%,1.07%,1.13%,-0.20%,0.18%,0.67%,
7-Apr-21,0.12%,1.70%,-3.37%,0.30%,0.21%,-0.23%,-0.28%,
6-Apr-21,-0.06%,1.53%,0.01%,0.12%,0.63%,-0.03%,-0.53%,
5-Apr-21,1.44%,-0.50%,1.43%,1.76%,-1.32%,1.18%,1.06%,
1-Apr-21,1.08%,-0.03%,0.88%,1.69%,-0.04%,0.77%,1.27%,
31-Mar-21,0.41%,1.50%,5.11%,1.39%,0.57%,-0.12%,-0.05%,
30-Mar-21,-0.27%,-0.17%,1.64%,-0.49%,1.32%,-0.87%,-0.05%,
29-Mar-21,-0.05%,-1.69%,-1.80%,-0.11%,0.89%,0.55%,-0.46%,
26-Mar-21,1.61%,-0.44%,-0.46%,1.49%,1.63%,1.70%,1.65%,
25-Mar-21,0.56%,1.75%,0.30%,-0.13%,-2.49%,0.23%,0.59%,
24-Mar-21,-0.51%,0.35%,-5.15%,-1.37%,1.78%,-0.20%,-1.13%,
23-Mar-21,-0.79%,-3.06%,-3.87%,-0.41%,2.20%,-0.10%,-1.40%,
22-Mar-21,0.80%,0.41%,2.26%,1.47%,-2.16%,0.90%,-0.29%,
19-Mar-21,-0.51%,0.55%,2.49%,0.16%,-3.46%,-0.22%,0.46%,
18-Mar-21,-1.45%,1.07%,-4.66%,-2.63%,-0.69%,-0.72%,-1.08%,
17-Mar-21,0.34%,-0.81%,0.75%,0.18%,0.64%,-0.45%,0.46%,
16-Mar-21,-0.13%,2.30%,-1.66%,0.30%,-2.80%,0.17%,0.20%,
15-Mar-21,0.60%,-0.29%,2.24%,0.96%,0.78%,0.70%,0.15%,
12-Mar-21,0.13%,3.94%,-1.50%,-0.62%,-1.54%,0.47%,-0.33%,
11-Mar-21,1.01%,-2.83%,5.61%,2.25%,0.59%,0.24%,1.33%,
10-Mar-21,0.62%,1.51%,0.30%,-0.02%,0.70%,0.62%,0.23%,
9-Mar-21,1.43%,-1.64%,7.65%,3.27%,2.08%,0.57%,1.49%,
8-Mar-21,-0.50%,-2.90%,-3.99%,-2.05%,1.57%,0.29%,-1.09%,
5-Mar-21,1.84%,-1.60%,0.01%,1.36%,1.57%,2.27%,0.94%,
4-Mar-21,-1.24%,3.01%,-5.76%,-1.71%,0.54%,-1.06%,-1.35%,
3-Mar-21,-1.32%,0.42%,-5.87%,-2.74%,1.93%,-1.18%,-0.66%,
2-Mar-21,-0.78%,-3.49%,-1.87%,-1.36%,-2.57%,-0.34%,-0.18%,
1-Mar-21,2.42%,0.82%,4.58%,2.70%,-1.11%,1.70%,2.16%,
26-Feb-21,-0.52%,-0.30%,0.41%,0.35%,-1.68%,-0.98%,-1.40%,
25-Feb-21,-2.41%,-2.59%,-5.78%,-3.13%,3.28%,-1.22%,-1.88%,
24-Feb-21,1.10%,-0.44%,0.22%,0.66%,-0.05%,0.51%,0.02%,
23-Feb-21,0.12%,-0.44%,-3.05%,-0.16%,-3.57%,0.16%,0.26%,
22-Feb-21,-0.77%,-0.48%,-5.34%,-2.24%,2.06%,-0.48%,-1.04%,
19-Feb-21,-0.18%,-0.27%,1.67%,-0.43%,-0.63%,-1.00%,0.45%,
18-Feb-21,-0.43%,0.56%,-2.03%,-0.34%,-0.52%,0.10%,-0.88%,
17-Feb-21,0.02%,0.55%,-1.60%,-0.36%,2.02%,0.28%,-0.30%,
16-Feb-21,-0.09%,-0.23%,-2.12%,-0.41%,-1.52%,-0.72%,0.48%,
12-Feb-21,0.49%,-0.02%,0.95%,0.53%,-0.70%,0.13%,0.47%,
11-Feb-21,0.16%,0.67%,0.34%,0.55%,-0.57%,0.04%,0.73%,
10-Feb-21,-0.04%,0.34%,-1.28%,-0.15%,0.35%,-0.24%,-0.05%,
9-Feb-21,-0.07%,1.18%,-0.20%,-0.03%,0.21%,0.06%,0.72%,
8-Feb-21,0.72%,-0.40%,3.05%,0.57%,-0.49%,0.46%,0.54%,
5-Feb-21,0.39%,1.63%,-0.02%,0.45%,0.42%,0.52%,0.71%,
4-Feb-21,1.14%,2.50%,1.59%,1.18%,2.25%,0.70%,0.13%,
3-Feb-21,0.08%,-2.10%,-0.70%,-0.25%,1.12%,-0.54%,0.30%,
2-Feb-21,1.41%,0.59%,3.10%,1.79%,1.85%,0.88%,1.17%,
1-Feb-21,1.66%,-2.79%,2.75%,2.40%,0.40%,0.97%,1.71%,
29-Jan-21,-2.00%,0.15%,-1.30%,-2.02%,1.34%,-1.34%,-2.20%,
28-Jan-21,0.86%,0.83%,2.54%,0.61%,2.39%,0.39%,0.67%,
27-Jan-21,-2.44%,-0.29%,-4.31%,-2.56%,-1.82%,-2.23%,-2.41%,
26-Jan-21,-0.16%,0.80%,-4.91%,-0.16%,0.00%,-0.07%,-0.13%,
25-Jan-21,0.39%,2.33%,0.14%,0.64%,-2.07%,0.74%,0.08%,
22-Jan-21,-0.35%,1.46%,0.91%,-0.08%,-0.72%,-0.25%,-0.67%,
21-Jan-21,0.09%,-0.79%,-2.61%,0.48%,-0.05%,-0.50%,0.13%,
20-Jan-21,1.38%,-0.53%,0.54%,2.34%,0.77%,0.90%,1.04%,
19-Jan-21,0.79%,0.68%,3.62%,1.11%,-0.81%,0.52%,0.95%,
15-Jan-21,-0.73%,-0.16%,-1.23%,-0.56%,0.42%,0.10%,-1.43%,
14-Jan-21,-0.35%,-1.45%,3.50%,-0.97%,1.18%,-0.56%,0.84%,
13-Jan-21,0.27%,1.29%,1.21%,0.38%,-1.38%,-0.01%,-0.02%,
12-Jan-21,0.02%,2.42%,-0.11%,-0.19%,1.82%,-0.62%,0.63%,
11-Jan-21,-0.67%,-1.39%,-1.33%,-1.35%,-0.66%,-0.51%,-1.33%,
8-Jan-21,0.57%,0.82%,2.40%,1.07%,1.82%,0.53%,1.41%,
7-Jan-21,1.49%,-1.41%,8.50%,2.31%,0.05%,0.61%,0.35%,
6-Jan-21,0.60%,0.25%,0.95%,-1.09%,0.01%,0.91%,0.54%,
5-Jan-21,0.69%,0.00%,1.33%,0.65%,1.62%,0.10%,1.53%,
4-Jan-21,-1.36%,0.09%,-0.13%,-1.45%,3.69%,-1.40%,0.50%,
31-Dec-20,0.51%,1.01%,-2.89%,0.19%,1.61%,0.88%,-0.58%,
30-Dec-20,0.14%,0.44%,2.03%,-0.02%,-1.37%,0.13%,0.57%,
29-Dec-20,-0.19%,-0.50%,-7.37%,-0.21%,-0.22%,-0.21%,0.81%,
28-Dec-20,0.86%,0.27%,-1.44%,0.88%,0.93%,0.34%,0.54%,
24-Dec-20,0.39%,-0.37%,-2.01%,0.27%,-1.64%,0.42%,0.02%,
23-Dec-20,0.09%,-0.30%,-0.30%,-0.65%,-0.41%,-0.06%,0.96%,
22-Dec-20,-0.17%,0.65%,5.06%,0.42%,-0.12%,-0.31%,-0.35%,
21-Dec-20,-0.36%,0.55%,6.06%,-0.16%,0.86%,-0.83%,-1.95%,
18-Dec-20,-0.82%,1.07%,0.66%,-0.03%,0.97%,-0.01%,-0.51%,
17-Dec-20,0.56%,0.73%,0.83%,0.86%,-0.01%,0.97%,0.72%,
16-Dec-20,0.16%,-0.22%,-1.44%,0.51%,-0.29%,-0.03%,0.29%,
15-Dec-20,1.35%,0.40%,-1.00%,1.22%,1.02%,1.04%,1.08%,
14-Dec-20,-0.45%,-2.26%,-0.23%,0.27%,-0.14%,-0.73%,-0.10%,
11-Dec-20,-0.12%,0.34%,-1.64%,-0.12%,2.18%,0.18%,-0.36%,
10-Dec-20,-0.03%,0.57%,6.19%,0.36%,0.00%,-0.39%,0.45%,
9-Dec-20,-0.90%,0.41%,-3.04%,-1.79%,-0.64%,-0.46%,-0.14%,
8-Dec-20,0.29%,0.14%,0.00%,0.21%,0.70%,0.30%,0.19%,
7-Dec-20,-0.21%,0.13%,5.56%,0.39%,-0.62%,-0.10%,-0.50%,
4-Dec-20,0.86%,1.28%,4.10%,0.60%,1.21%,0.51%,0.89%,
3-Dec-20,-0.03%,0.20%,3.95%,-0.05%,-0.16%,-0.18%,0.53%,
2-Dec-20,0.21%,0.92%,-0.13%,-0.26%,2.27%,-0.33%,0.11%,
1-Dec-20,1.09%,0.61%,1.57%,1.08%,0.79%,0.74%,2.19%,
30-Nov-20,-0.44%,1.41%,2.63%,0.11%,0.07%,-0.25%,-2.27%,
27-Nov-20,0.28%,0.00%,6.53%,0.68%,1.18%,0.15%,0.76%,
25-Nov-20,-0.15%,-0.68%,0.01%,0.57%,-1.86%,-0.18%,-0.32%,
24-Nov-20,1.61%,0.78%,-3.04%,1.14%,0.37%,0.91%,1.52%,
23-Nov-20,0.60%,-0.74%,0.80%,0.14%,-0.48%,0.14%,0.07%,
20-Nov-20,-0.68%,-0.32%,1.81%,-0.74%,1.87%,-0.48%,0.40%,
19-Nov-20,0.42%,0.78%,1.10%,0.78%,1.95%,0.18%,0.49%,
18-Nov-20,-1.20%,0.88%,-0.28%,-0.91%,0.15%,-1.26%,-0.41%,
17-Nov-20,-0.54%,-0.47%,1.09%,-0.21%,0.71%,-0.62%,-0.09%,
16-Nov-20,1.25%,2.24%,-0.55%,0.74%,-1.21%,0.79%,1.20%,
13-Nov-20,1.38%,-1.79%,1.11%,0.78%,0.43%,1.30%,1.46%,
12-Nov-20,-0.97%,-2.04%,0.25%,-0.58%,2.29%,-1.03%,-1.29%,
11-Nov-20,0.74%,0.07%,5.44%,1.88%,2.31%,0.48%,0.73%,
10-Nov-20,-0.15%,2.61%,-0.89%,-1.52%,-1.63%,0.71%,0.39%,
9-Nov-20,1.26%,4.46%,-3.90%,-1.54%,0.09%,1.63%,2.09%,
6-Nov-20,-0.02%,1.73%,-0.38%,0.23%,1.29%,0.34%,0.28%,
5-Nov-20,1.95%,0.22%,4.45%,2.29%,3.92%,0.86%,2.26%,
4-Nov-20,2.23%,-2.54%,4.29%,4.07%,-0.83%,1.10%,1.67%,
3-Nov-20,1.77%,1.75%,2.41%,1.81%,2.68%,1.68%,1.82%,
2-Nov-20,1.12%,-3.90%,-0.37%,0.35%,0.11%,1.44%,1.28%,
30-Oct-20,-1.04%,0.78%,-4.09%,-2.10%,2.83%,-0.34%,-0.70%,
29-Oct-20,1.02%,-1.50%,0.28%,1.28%,1.76%,0.26%,0.61%,
28-Oct-20,-3.42%,0.20%,-3.80%,-3.89%,-1.16%,-2.96%,-2.75%,
27-Oct-20,-0.34%,0.00%,2.81%,0.59%,1.02%,-0.75%,-0.37%,
26-Oct-20,-1.85%,-0.08%,-1.43%,-1.70%,-2.85%,-1.48%,-1.69%,
23-Oct-20,0.34%,0.21%,1.18%,0.49%,-1.06%,0.31%,0.60%,
22-Oct-20,0.55%,-1.63%,2.30%,-0.08%,-2.23%,0.34%,0.04%,
21-Oct-20,-0.19%,-0.55%,-5.10%,-0.12%,0.55%,0.14%,-0.25%,
20-Oct-20,0.40%,-0.67%,-2.59%,0.37%,1.89%,0.12%,0.66%,
19-Oct-20,-1.52%,-0.84%,-0.56%,-1.51%,-0.98%,-1.51%,-0.33%,
16-Oct-20,-0.06%,0.00%,1.04%,-0.44%,0.33%,0.21%,0.37%,
15-Oct-20,-0.12%,3.09%,-0.56%,-0.47%,-1.23%,-0.44%,-1.00%,
14-Oct-20,-0.63%,1.53%,-2.27%,-0.81%,-0.13%,-0.46%,-0.33%,
13-Oct-20,-0.65%,0.53%,2.37%,-0.12%,0.75%,-0.68%,-0.84%,
12-Oct-20,1.61%,1.73%,-0.70%,2.24%,-0.72%,0.93%,0.59%,
9-Oct-20,0.89%,-1.78%,2.87%,1.50%,-0.70%,0.64%,0.68%,
8-Oct-20,0.89%,2.13%,2.24%,0.60%,0.72%,0.94%,0.72%,
7-Oct-20,1.74%,-2.81%,4.31%,1.68%,0.60%,1.20%,1.04%,
6-Oct-20,-1.42%,1.59%,0.04%,-1.67%,1.11%,-1.04%,-0.82%,
5-Oct-20,1.77%,0.68%,6.09%,1.90%,2.05%,1.32%,1.52%,
2-Oct-20,-0.95%,-0.45%,0.00%,0.00%,-0.27%,0.00%,0.00%,
1-Oct-20,0.64%,2.08%,0.00%,0.00%,2.57%,0.00%,0.00%,
30-Sep-20,0.76%,2.32%,-2.12%,-1.88%,0.00%,-0.39%,-0.45%,
29-Sep-20,-0.54%,0.47%,1.65%,1.33%,0.00%,0.42%,0.73%,
28-Sep-20,1.66%,-3.05%,-0.83%,0.64%,0.66%,0.58%,0.06%,
25-Sep-20,1.62%,1.86%,1.73%,-0.21%,1.46%,-0.44%,-0.08%,
24-Sep-20,0.27%,0.24%,1.28%,1.77%,0.31%,1.11%,1.37%,
23-Sep-20,-2.32%,-1.28%,0.00%,0.00%,-0.44%,0.00%,0.00%,
22-Sep-20,1.02%,-1.56%,0.00%,0.00%,2.35%,0.00%,0.00%,
21-Sep-20,-1.11%,-1.59%,3.71%,1.96%,0.00%,1.39%,0.36%,
18-Sep-20,-1.55%,1.42%,0.08%,0.28%,0.00%,0.13%,-0.22%,
17-Sep-20,-0.88%,1.74%,-4.00%,-2.78%,1.47%,-2.42%,-1.07%,
16-Sep-20,-0.40%,-0.69%,1.71%,1.64%,-0.15%,0.68%,-0.18%,
15-Sep-20,0.51%,-1.99%,-2.47%,-0.02%,-3.06%,-1.17%,-2.65%,
14-Sep-20,1.32%,2.94%,2.30%,-1.22%,0.64%,-0.92%,-0.75%,
11-Sep-20,0.05%,-4.81%,-0.95%,-1.33%,-2.93%,-0.52%,-0.04%,
10-Sep-20,-1.74%,-1.33%,1.19%,-1.16%,-0.50%,-0.02%,-0.17%,
9-Sep-20,1.97%,-5.07%,1.90%,1.18%,-0.74%,0.47%,0.79%,
8-Sep-20,-2.73%,0.95%,5.62%,1.59%,0.70%,1.40%,0.88%,
4-Sep-20,-0.82%,1.71%,0.00%,0.00%,0.36%,0.00%,0.00%,
3-Sep-20,-3.44%,0.80%,0.19%,-0.38%,2.63%,0.30%,0.92%,
2-Sep-20,1.45%,0.51%,-0.54%,-1.89%,0.00%,-1.40%,-1.22%,
1-Sep-20,0.94%,-0.31%,3.88%,2.76%,-0.57%,1.55%,1.70%,
31-Aug-20,-0.36%,2.13%,-1.92%,-3.74%,-1.21%,-1.60%,-1.42%,
28-Aug-20,0.65%,0.79%,-2.93%,-1.59%,1.48%,-0.62%,0.12%,
27-Aug-20,0.22%,0.62%,-6.80%,-4.71%,-2.32%,-2.40%,-2.12%,
26-Aug-20,1.00%,0.69%,0.53%,1.03%,-0.72%,1.92%,0.89%,
25-Aug-20,0.35%,1.39%,-0.02%,1.53%,-3.31%,-0.03%,0.60%,
24-Aug-20,1.01%,-0.67%,1.69%,0.40%,0.83%,-0.20%,-1.13%,
21-Aug-20,0.35%,0.96%,0.00%,0.00%,1.36%,0.00%,0.00%,
20-Aug-20,0.31%,1.16%,1.00%,0.65%,-0.92%,0.46%,0.87%,
19-Aug-20,-0.42%,-0.12%,-1.68%,-0.20%,0.00%,0.46%,-0.86%,
18-Aug-20,0.22%,0.23%,0.41%,2.08%,0.84%,0.26%,0.54%,
17-Aug-20,0.32%,2.52%,0.61%,0.73%,0.13%,0.19%,0.33%,
14-Aug-20,0.00%,-1.89%,-3.62%,0.58%,-0.27%,0.64%,1.23%,
13-Aug-20,-0.18%,-0.43%,0.00%,0.00%,0.00%,0.00%,0.00%,
12-Aug-20,1.39%,-1.15%,0.82%,0.00%,1.18%,-0.12%,-0.27%,
11-Aug-20,-0.83%,1.32%,-0.62%,0.55%,0.00%,0.00%,-0.27%,
10-Aug-20,0.30%,0.25%,1.80%,1.06%,-0.68%,-0.73%,-0.68%,
7-Aug-20,0.07%,0.37%,1.28%,-0.53%,-0.28%,0.00%,0.02%,
6-Aug-20,0.67%,1.35%,4.10%,0.76%,-0.04%,0.47%,0.90%,
5-Aug-20,0.62%,1.78%,-1.43%,1.01%,-0.89%,0.02%,-0.41%,
4-Aug-20,0.39%,0.52%,2.59%,-0.18%,0.32%,-0.19%,-0.52%,
3-Aug-20,0.70%,1.15%,2.95%,0.43%,-0.06%,1.02%,1.91%,
31-Jul-20,0.79%,-1.27%,-3.60%,1.95%,0.07%,-0.92%,0.24%,
30-Jul-20,-0.36%,1.78%,3.86%,-1.48%,0.38%,-0.11%,0.30%,
29-Jul-20,1.23%,-0.95%,0.00%,-0.30%,-0.52%,0.00%,0.00%,
28-Jul-20,-0.63%,-2.61%,0.00%,0.00%,0.46%,0.00%,0.00%,
27-Jul-20,0.73%,0.35%,-2.70%,0.00%,0.00%,0.75%,-0.92%,
24-Jul-20,-0.64%,-1.04%,-0.59%,-0.90%,0.00%,0.25%,0.20%,
23-Jul-20,-1.19%,2.84%,1.13%,1.14%,0.96%,-0.08%,0.67%,
22-Jul-20,0.57%,0.12%,1.07%,0.56%,-0.27%,0.44%,0.76%,
21-Jul-20,0.21%,-0.68%,5.81%,0.29%,1.75%,0.09%,1.50%,
20-Jul-20,0.81%,0.20%,0.00%,1.10%,0.56%,0.00%,0.00%,
17-Jul-20,0.29%,0.71%,-1.77%,0.00%,1.64%,0.14%,-1.65%,
16-Jul-20,-0.33%,-2.06%,1.77%,1.53%,0.00%,-0.41%,-1.28%,
15-Jul-20,0.92%,0.68%,-0.61%,0.08%,-0.60%,0.94%,1.17%,
14-Jul-20,1.30%,0.84%,-4.01%,1.41%,-0.39%,-0.25%,-0.61%,
13-Jul-20,-0.87%,1.32%,4.70%,-1.09%,2.32%,0.35%,1.36%,
10-Jul-20,1.02%,-0.69%,0.00%,1.39%,-0.96%,0.00%,0.00%,
9-Jul-20,-0.57%,2.46%,0.00%,0.00%,1.22%,0.00%,0.00%,
8-Jul-20,0.76%,0.68%,-2.70%,0.00%,0.00%,-0.60%,-0.38%,
7-Jul-20,-1.03%,1.17%,-3.07%,-0.41%,0.00%,-0.50%,-0.79%,
6-Jul-20,1.54%,1.96%,-0.11%,-2.17%,-1.40%,0.97%,0.00%,
2-Jul-20,0.55%,1.09%,-2.61%,0.51%,0.07%,0.16%,0.52%,
1-Jul-20,0.70%,-2.36%,2.57%,-0.62%,0.27%,0.06%,0.78%,
30-Jun-20,1.28%,0.95%,1.94%,2.36%,1.19%,1.01%,0.44%,
29-Jun-20,1.47%,-2.06%,-2.66%,0.38%,-0.21%,0.08%,-0.88%,
26-Jun-20,-2.38%,0.85%,3.23%,-0.77%,0.46%,0.73%,0.97%,
25-Jun-20,1.07%,1.02%,2.29%,0.58%,-0.61%,1.58%,1.10%,
24-Jun-20,-2.55%,-0.02%,-2.14%,1.23%,3.33%,-0.70%,-0.63%,
23-Jun-20,0.46%,0.27%,0.00%,-2.04%,1.46%,0.00%,0.00%,
22-Jun-20,0.64%,0.32%,0.00%,0.00%,-1.34%,0.00%,0.00%,
19-Jun-20,-1.01%,1.72%,-3.03%,0.00%,0.00%,0.77%,0.51%,
18-Jun-20,0.04%,1.22%,-0.29%,0.42%,0.00%,-0.59%,-0.73%,
17-Jun-20,-0.42%,0.79%,2.64%,0.44%,1.23%,0.20%,1.27%,
16-Jun-20,1.92%,-4.95%,1.91%,1.24%,-1.44%,-0.70%,-1.43%,
15-Jun-20,0.93%,1.20%,1.92%,-0.83%,0.80%,0.54%,2.20%,
12-Jun-20,1.20%,0.72%,0.00%,2.24%,-1.60%,0.00%,0.00%,
11-Jun-20,-5.76%,0.78%,0.00%,0.00%,0.75%,0.00%,0.00%,
10-Jun-20,-0.56%,1.98%,1.64%,0.00%,0.00%,0.31%,1.53%,
9-Jun-20,-0.75%,-0.70%,1.97%,0.42%,0.00%,0.43%,0.50%,
8-Jun-20,1.21%,0.45%,2.27%,1.15%,0.38%,1.20%,-0.23%,
5-Jun-20,2.56%,0.67%,0.95%,1.87%,-0.54%,1.17%,0.80%,
4-Jun-20,-0.26%,0.30%,-3.68%,1.32%,1.27%,-1.53%,-1.40%,
3-Jun-20,1.33%,1.47%,2.22%,-2.56%,2.77%,0.96%,1.07%,
2-Jun-20,0.83%,-0.13%,-3.33%,0.91%,-2.64%,-2.10%,-2.14%,
1-Jun-20,0.40%,0.55%,3.63%,-2.39%,1.35%,-0.07%,0.64%,
29-May-20,0.45%,-0.27%,6.80%,0.63%,-3.43%,0.21%,0.71%,
28-May-20,-0.18%,0.35%,1.63%,1.24%,0.37%,-0.62%,-0.37%,
27-May-20,1.49%,-1.09%,1.29%,-0.36%,0.83%,0.05%,-0.39%,
26-May-20,1.23%,2.00%,0.30%,0.21%,-0.60%,-0.26%,0.40%,
22-May-20,0.19%,-0.25%,1.40%,0.08%,0.12%,1.46%,1.16%,
21-May-20,-0.69%,1.86%,5.19%,1.93%,-1.67%,0.22%,0.13%,
20-May-20,1.70%,0.65%,2.23%,1.08%,2.39%,0.63%,1.89%,
19-May-20,-1.03%,1.14%,-7.11%,1.05%,2.07%,-5.01%,-5.42%,
18-May-20,3.05%,-1.25%,1.21%,-5.29%,2.43%,-0.47%,-0.06%,
15-May-20,0.46%,-2.09%,0.98%,0.67%,-7.41%,-1.05%,-1.08%,
14-May-20,1.20%,0.89%,-0.02%,0.18%,-2.73%,1.06%,1.14%,
13-May-20,-1.77%,1.37%,0.00%,0.84%,-2.04%,0.00%,0.00%,
12-May-20,-1.99%,1.29%,-0.62%,0.00%,2.25%,2.06%,2.05%,
11-May-20,0.02%,0.62%,-3.71%,2.25%,0.00%,-0.77%,-0.66%,
8-May-20,1.65%,1.13%,-2.52%,-1.01%,3.42%,0.87%,2.19%,
7-May-20,1.21%,1.17%,1.48%,0.87%,0.18%,0.27%,1.45%,
6-May-20,-0.68%,-2.82%,2.31%,0.69%,2.48%,0.34%,2.20%,